"","WEEK","DEMAND","PRICE","FA","FAplus","FB","D1","D2","PR1"
"1",1114,4218.875,2.08360048591153,0,0,0,111.75,0,13.5
"2",1115,4564.75,1.96731913029191,0,0,1089,190.25,0,1102.125
"3",1116,4708.125,2.11357812292579,0,0,0,55.125,57.375,4.5
"4",1117,4308.25,2.07934544188476,0,0,0,36,0,1.125
"5",1118,4206.5,2.07517175799358,0,0,0,32.625,0,28.125
"6",1119,4344.875,2.05515003308496,0,0,0,83.625,0,95.75
"7",1120,5090.625,2.03050705954573,265.5,0,180,381.75,0,660.375
"8",1121,5116.25,2.07920058636697,0,0,11.25,89.625,0,334.125
"9",1122,5478.75,2.07866392881588,0,0,166.25,262.125,182,394.125
"10",1123,5020.75,2.04956231638699,0,0,747.25,217.25,0,626
"11",1124,5036.25,1.96264085380988,0,0,1136.75,66.375,6.75,1362
"12",1125,4593.75,2.06578285714286,0,0,103.25,109.875,0,213.125
"13",1126,3981.75,2.07247315878697,0,0,0,0,0,48
"14",1127,6035.375,1.81647039330613,0,0,1761.75,0,61.875,2322
"15",1128,5833.375,2.02483296547882,0,0,0,0,75.375,1011
"16",1129,3745.125,2.03306164680752,252.75,0,0,287.625,0,435
"17",1130,5009.625,1.97547321406293,1381.5,0,0,84.375,0,1334.25
"18",1131,5235.125,1.9514471956257,1636.875,0,0,101.25,42.75,1872.5
"19",1132,4661.5,2.0646337015982,0,0,0,31.5,54,367.125
"20",1133,3892.875,2.04333044343833,0,0,0,0,54,341
"21",1134,4351.375,2.05685329349918,0,0,0,0,0,79.875
"22",1135,5295.125,1.98808337857935,0,0,1396.875,171,0,1597.125
"23",1136,5017,2.08338249950169,0,0,0,131.625,0,553.5
"24",1137,4752.5,1.92820410310363,952.125,0,0,384.75,167.625,1279.875
"25",1138,4794.5,1.88005422880384,0,0,1166.625,201.375,0,1787.25
"26",1139,4239.875,2.08255667914738,0,0,0,69.75,0,182.625
"27",1140,4030.125,2.071886107751,0,0,0,0,0,46.125
"28",1141,3398.75,2.09099227657227,0,0,0,0,0,0
"29",1142,3641,2.07771765998352,0,0,0,0,0,6.75
"30",1143,3776.25,2.08198874544853,0,0,0,18,27,8.25
"31",1144,13977.5,2.1244585941692,423,0,0,2758.5,3541.5,2212.125
"32",1145,15054.125,1.09286856592462,12334.5,0,0,3850.875,2916,12388.5
"33",1146,14533.5,2.07909863418997,56.25,0,1077.75,3438,3132,3892.5
"34",1147,7355.125,1.93024047857786,0,0,1901.25,547.875,946.125,3256.5
"35",1148,4877.125,1.99510572314632,0,0,0,79.875,285.75,877.5
"36",1149,4067.5,2.02419176398279,0,0,0,37.125,66.375,387.5
"37",1150,4709.5,2.00575432636161,273.375,0,0,149.625,29.25,581.625
"38",1151,4932.625,1.94826284179316,476.75,0,1060.5,25.875,393.75,1686.5
"39",1152,4848,2.05231848184818,6.75,0,0,2.25,142.375,508.25
"40",1153,4303.5,2.04770303241548,4.5,0,0,15.75,23.625,305.375
"41",1154,4320.75,2.06935138575479,0,0,0,32.625,0,156
"42",1155,4371.875,2.03401057898499,0,0,0,15.75,0,456.75
"43",1156,4705.25,2.02539291217257,0,0,561.375,103.5,118.125,663.75
"44",1157,4709.25,2.030745872485,0,0,0,0,60.75,625.5
"45",1158,5789.75,1.94657282266074,0,0,1715.25,0,0,1867.125
"46",1159,4720.5,2.10328778731067,0,0,0,0,0,264.375
"47",1160,4195,2.00490584028605,354.375,0,0,0,0,699.125
"48",1161,6821,1.79139862190295,2088,0,0,339.75,389.25,3370.625
"49",1162,6847.625,1.86819225643928,617.625,0,747.25,324,0,3643.125
"50",1163,5381.375,1.99821049452974,24.75,0,0,13.5,0,1040.125
"51",1164,4873.375,2.02410854900351,13.5,0,0,9,0,568.625
"52",1165,3214.5,2.04803235339866,18,0,0,0,0,356.75
"53",1166,3786.25,2.04421261142291,0,0,0,0,0,473.25
"54",1167,4298.625,2.00000930530111,0,0,0,0,200.25,836.5
"55",1168,4723.625,2.00023498901797,0,0,0,0,0,555.75
"56",1169,6354.5,1.96499016445039,1028.25,0,1090.125,1200.375,202.5,2113.75
"57",1170,5937.5,1.87344673684211,0,0,536.625,83.25,298.125,2397.25
"58",1171,6539.875,1.97437259886466,0,0,2390.25,112.5,184.5,1723.5
"59",1172,4649.375,2.07156015593494,0,0,0,6.75,0,466.875
"60",1173,4335.75,2.06660208729747,0,0,0,0,0,50.625
"61",1174,4594.5,2.08116225922298,0,0,0,0,0,42.75
"62",1175,4253.75,2.0310243902439,0,0,451.5,117.25,63,484.75
"63",1176,4745,2.03605900948367,0,0,152.25,133,257.25,554.75
"64",1177,5445.5,2.03472041134882,0,0,714,89.25,0,978.125
"65",1178,5425.875,2.0569991015274,0,0,2013.75,0,0,835.25
"66",1179,4400.5,2.07122372457675,0,0,0,10.125,70.875,456.75
"67",1180,5735.125,1.81697173121772,1222.875,0,0,254.25,286.875,1943.25
"68",1181,4947.5,1.90194845881758,0,0,0,0,210.375,1311
"69",1182,5487.5,2.11005193621868,0,0,2128.5,203.625,252,270.75
"70",1183,5451.125,2.11512119057993,0,0,254.25,37.125,0,189
"71",1184,5401,1.9849268653953,0,0,796.5,11.25,0,957
"72",1185,4071.5,2.10834581849441,0,0,0,1.125,7.875,117.875
"73",1186,5146.625,2.04296213537998,0,0,1377.25,6.75,0,1114
"74",1187,4382.75,2.05179624664879,0,0,0,0,0,1231.5
"75",1188,7774.5,1.59259630844427,3546,0,441,379.125,1534.5,4946.5
"76",1189,6765.5,1.68210627448082,0,0,0,0,0,3414.375
"77",1190,3270.125,2.12045716906846,0,0,0,127.125,0,131.625
"78",1191,4364.6624,2.04476524919774,0,0,1054.125,0,442.125,1103.25
"79",1192,3452.625,2.03717171717172,0,0,825.75,0,288,825.75
"80",1193,3417.7062,2.09592913516089,0,0,0,2.2062,0,577.875
"81",1194,3435,2.14163609898108,0,0,0,0,0,291.25
"82",1195,3403.2062,2.13896237024956,0,0,0,71.9562,25.875,390.25
"83",1196,4022.8558,2.10073649669471,0,342,0,53.6058,117,839.9936
"84",1197,15148.7746,1.95317910400489,12259.125,0,0,2319.3996,6123.375,11040.6496
"85",1198,14698.4936,1.90000286832115,11665.125,0,1145.25,1457.9562,4671,11009.8686
"86",1199,14710.5,1.13139050338194,8831.25,0,3780,1734.75,3172.5,12958.5
"87",1200,7678.25,1.52893693224368,5004.25,0,0,500.625,690.75,5172.75
"88",1201,5214.625,1.79241843852626,0,0,0,212.625,77.625,2173.5
"89",1202,4715.0812,1.95933211075983,0,0,163.125,60.75,103.5,1427.625
"90",1203,3928.75,2.12242061724467,0,0,0,123.75,63,150
"91",1204,3817.7062,2.14684409187905,0,0,0,13.5,10.125,284.625
"92",1205,5024.5812,2.06473128546514,0,0,1045.125,0,493.875,1243.875
"93",1206,5183.125,2.05969371759315,0,0,0,108,83.25,1278
"94",1207,4233,2.08877628159698,0,0,0,13.5,0,743.625
"95",1208,4138.625,2.14902534054185,0,0,0,14.625,10.125,180.75
"96",1209,4861.75,2.05488558646578,0,0,1482.75,12.375,0,1608.75
"97",1210,6189.5,1.94242022780515,0,0,785.25,21.375,0,3406
"98",1211,5357.25,1.98445471090578,0,0,0,19.125,0,2523.375
"99",1212,4507.5,2.08898058790904,0,0,0,10.125,0,723.75
"100",1213,4183.8312,2.10302700548722,0,0,0,14.625,0,447.625
"101",1214,4241.5812,2.09726740584384,0,0,0,0,10.125,657.25
"102",1215,6920.5,1.92692869012355,412.875,0,3093.75,410.625,139.5,3182.625
"103",1216,6846.5812,1.89352899225091,0,0,45,9,436.4562,3430.9562
"104",1217,4111,2.03424470931647,0,0,0,5.625,190.125,1198.375
"105",1218,3109.6058,2.13831926863527,0,0,0,61.4808,29.25,95.1058
"106",1219,4452.5374,2.11437864620744,0,0,0,48.2874,41.625,363.2874
"107",1220,5818.6934,1.91493334225172,828,0,883.125,154.9434,0,2455.1934
"108",1221,6256.031,1.89115111482024,0,0,0,77.5812,216,2841.531
"109",1222,5486.7874,1.95611734473255,0,0,1756.125,197.9124,555.75,2773.5374
"110",1223,6829.4562,1.9259366507102,0,0,3117.375,153,161.9562,3359.4562
"111",1224,5736.7251,2.15150800933445,0,0,0,45,99,173.25
"112",1225,4155.3257,2.13036970844427,0,0,0,10.125,33.75,175.875
"113",1226,3938.1635,2.16441496144078,0,0,0,6.75,0,25.8312
"114",1227,5643.9075,2.01261625921403,0,0,1125.2073,23.0625,9,2300.5823
"115",1228,6714.067,1.87866311134518,0,0,96.25,3.6443,0,3666.0091
"116",1229,6048.41,1.90389540391607,0,0,0,35,0,3033.4588
"117",1230,5331.6417,1.91736065084794,0,0,0,31.5,0,2706.7718
"118",1231,4321.9583,2.07532312377933,0,0,0,0,8.75,1117.8069
"119",1232,5379.6345,2.0750368821525,3044.9837,0,0,290.5,40.5,1953.633
"120",1233,5990.2469,1.98581964960409,0,0,2321.4278,0,141.75,2942.1021
"121",1234,4314.9466,2.06770113910564,0,0,0,0,0,1495.4451
"122",1235,4393.4105,2.18287592293049,0,0,0,0,0,344.25
"123",1236,4279.2057,2.20312615493104,0,0,0,0,0,295.3125
"124",1237,5801.6308,1.97915558501241,0,0,248.625,0,0,2565.3392
"125",1238,6517.9698,1.98776312219182,0,0,252,0,0,3299.5228
"126",1239,5184.4337,2.12744740086077,0,0,0,6.75,0,2316.537
"127",1240,4864.3548,2.31079772388313,2123.7616,0,594.3384,0,0,906.8606
"128",1241,4985.1766,2.23881938304854,0,0,729.4004,0,104.625,1200.378
"129",1242,7665.0068,1.94151165006142,0,0,3437.3464,287.4136,335.9888,4649.7208
"130",1243,6288.62,2.09560126068995,0,0,192.375,433.0812,351.3694,3023.2848
"131",1244,5038.2198,2.20903026104578,0,0,162,83.25,0,1557.5065
"132",1245,3707.3016,2.27391534586773,0,0,0,0,0,6.7062
"133",1246,3992.4831,2.26738342361424,0,0,0,0,0,29.5
"134",1247,3913.9338,2.28681691039332,0,0,0,0,0,0
"135",1248,4172.4888,2.23587658282031,0,0,0,19.8558,61.25,404.1561
"136",1249,5215.8682,2.23468453439832,0,0,1040.3572,434.031,131.25,1041.6641
"137",1250,5951.9791,2.04206362216561,0,0,1224.6768,235.8996,28.125,2648.4462
"138",1251,16087.1793,1.24397444864682,9448.9963,0,0,3018.375,4968.4572,13791.3577
"139",1252,17211.953,1.22336436777395,9014.7772,0,763.2886,1708.875,4867.1213,14504.5374
"140",1253,11407.0443,1.35100378281164,0,0,0,2006.1138,1683,8536.7629
"141",1254,7697.911,1.64070616041157,0,0,1892.4017,1368,11.25,4722.8166
"142",1255,4543.774,2.27262403455806,0,0,568.1941,213,63,816.9683
"143",1256,4564.6219,2.23087699772023,0,0,0,104.75,164.25,1130.1876
"144",1257,4994.1126,2.113212265178,0,0,429.8546,311.625,69.75,1571.2189
"145",1258,5246.8777,2.04281109887505,0,0,1106.8637,204.438,232.5198,2454.2854
"146",1259,5253.9607,2.04744013406876,0,0,0,146.5716,73.125,2561.4636
"147",1260,5039.2938,2.03323727622311,0,0,281.5503,193.0503,35.4375,1842.2753
"148",1261,4577.5108,2.16120953772518,0,0,662.625,62.625,92.8125,633.4201
"149",1262,4379.1415,2.1476561102216,0,0,0,36,101.8125,1142.004
"150",1263,6133.1043,1.96424671923483,0,0,1020.7844,11.25,45,3201.6202
"151",1264,5689.3422,1.996573523034,0,0,0,81,77.625,2927.1193
"152",1265,5758.5837,1.92755034540872,0,0,0,0,69.75,3155.6
"153",1266,11300.29,1.45869530781953,3107.25,0,1291.5,0,33.75,8655.0736
"154",1267,6095.5644,1.97291984971892,0,0,518.625,59.625,0,2138.4085
"155",1268,6176.9465,1.97777494106514,169.1504,0,823.9979,388.3252,0,2677.4079
"156",1269,5032.4496,1.99801305511336,0,0,480.375,165.375,0,2246.4735
"157",1270,3527.0741,2.11848398648614,0,0,0,24.75,0,995.6956
"158",1271,4117.231,2.22987245554111,0,0,0,25.4556,31.1922,76.6569
"159",1272,4632.6775,2.10170468373851,0,0,928.9471,310.9878,46.2852,1812.5258
"160",1273,7450.6791,1.9298401940301,0,0,3903.5879,568.2924,78.9189,4537.9505
"161",1274,6279.6846,1.97967108093295,0,0,0,201.1932,215.685,3337.3823
"162",1275,5117.1147,2.1547474790823,0,0,0,63.0972,101.6262,1195.8894
"163",1276,5191.0063,2.11108778658196,0,0,992.6097,28.6488,116.7192,1664.6702
"164",1277,8293.0642,1.85151104943816,2577.9013,0,1678.7321,23.6178,258.7068,5230.2805
"165",1278,5384.3309,2.132285369014,0,0,99.6138,15.9246,156.1614,1721.053
"166",1279,4690.1447,2.23830620833511,0,0,0,21.249,92.5704,122.2108
"167",1280,4888.4237,2.22414640531262,0,0,420,28.1736,39.2418,528.0228
"168",1281,5677.9192,2.07210416097503,0,0,0,23.1426,61.3782,1897.1079
"169",1282,9175.9592,1.69468931378858,0,0,4097.7844,1218.7994,2594.9412,6098.7997
"170",1283,6780.1569,1.85174328340396,0,0,1856.6859,411.9804,1223.9712,3296.297
"171",1284,5791.8311,2.03739539296994,0,0,661.438,228.6054,464.184,2395.1354
"172",1285,4444.4151,2.07746121643768,0,0,655.875,132.687,312.5466,1867.7169
"173",1286,4878.7013,2.10626545224238,0,0,0,47.5992,73.4526,1856.2357
"174",1287,6416.0295,2.00389197088324,201.4751,0,1515.4641,363.375,108.153,2598.6433
"175",1288,5976.7455,2.08757592238117,0,0,66.4092,38.187,22.1364,2197.0013
"176",1289,5979.0259,2.08136077818295,0,0,599.9402,6.0372,23.1426,1552.0377
"177",1290,6812.7659,2.0120858695585,0,0,1793.7624,464.562,569.1726,2454.1114
"178",1291,7094.3338,2.02631570564103,0,0,0,363.6684,280.5982,2353.7423
"179",1292,5779.6386,2.08984866285584,0,0,570.5,128.3874,126.3492,2194.6196
"180",1293,6329.3152,2.01139769433508,0,0,644.7618,76.0248,116.6994,3445.3171
"181",1294,6941.5402,1.88230848248923,0,0,1794.5625,45.6498,51.8058,4219.8612
"182",1295,5032.4499,2.07436540997656,0,0,0,3.0186,65.718,1431.695
"183",1296,4940.4614,2.18527767467225,995.9789,0,106.75,80.5,68.6808,474.2556
"184",1297,6176.842,1.92962844120021,0,0,1570.5,469.0062,77.7366,2394.2666
"185",1298,4461.8306,2.21277114375431,0,0,0,0,78.2118,317.4159
"186",1299,4356.7558,2.19803001122992,0,0,0,2.0124,77.7996,596.2929
"187",1300,4946.7928,2.15723407699631,0,0,416.5,1.0062,32.0868,848.9812
"188",1301,4918.8743,2.15116901848864,0,0,135.5625,95.625,29.187,750.4995
"189",1302,16850.0479,1.22933122344418,930.6824,0,154,475.2748,145.062,13574.4623
"190",1303,19059.4458,1.13673819413994,14692.0202,0,1158.4329,3601.125,4528.9003,16572.1577
"191",1304,13705.6402,1.25920203275145,9997.2798,0,0,2775.375,3602.0434,11027.435
"192",1305,7985.5516,1.55997113586994,99.6138,0,0,796.0248,793.8812,4849.5245
"193",1306,4896.2035,2.10235134221852,73.4526,0,0,56.5434,86.7748,1242.4328
"194",1307,4729.1852,2.14013822085039,0,0,0,114.3936,110.875,615.4474
"195",1308,4591.1275,2.07127334189695,0,0,0,178.875,34.9308,1711.3593
"196",1309,8126.1552,1.80118021865987,0,0,0,1382.9,885.8496,3491.1827
"197",1310,6561.8875,1.85476206350688,374.625,0,0,624.875,1080.55,2695.4438
"198",1311,5868.5128,1.87504404863869,640.2662,0,0,391.1,736.5748,2896.379
"199",1312,6115.4388,1.84912487391747,52.3224,0,1735.2733,479.725,612.9436,3521.0415
"200",1313,6001.2139,1.91262637714013,1211.1552,0,0,154.35,507.9936,3057.6226
"201",1314,5210.1999,1.98801009535162,129.7998,0,0,129.375,289.6248,2213.102
"202",1315,6683.4585,1.85753827902126,50.31,0,2060.3439,782.35,340.4062,3561.5568
"203",1316,5399.3607,1.98392005927665,59.3658,0,854.2341,591.5,274.331,1570.3753
"204",1317,4947.1946,1.95386492376912,0,0,617.6907,327.6,179.1374,2005.1072
"205",1318,7730.5817,1.89014754219595,0,0,2689.25,389.025,222.0248,4178.7957
"206",1319,6999.8401,1.85712670779437,0,0,1381.252,770,197.3686,3696.7842
"207",1320,6695.7449,1.8996168745915,0,0,0,1016.55,83.7124,2239.3882
"208",1321,5273.6017,1.86614965631553,0,0,503.2754,903.325,95.55,1926.6378
"209",1322,4822.9755,2.02159849246591,0,0,0,393.025,54.4562,930.669
"210",1323,6182.3991,1.99403011688456,0,0,519.0254,449.4166,98.131,2435.9704
"211",1324,8406.3563,1.78695019148784,1298.25,0,1820.0482,837.4162,360.9054,5544.7519
"212",1325,7829.2677,1.79529945054759,112.8313,0,120.744,592.867,386.7924,4788.4075
"213",1326,5744.9259,2.01352640597157,0,0,67.4154,214.7742,365.7106,1508.6906
"214",1327,5908.3631,1.9826777403034,0,0,62.3844,310.2436,204.6168,2418.4414
"215",1328,6785.0234,1.87724039389459,0,0,1579.1971,178.875,87.956,4111.783
"216",1329,6105.0406,1.89102100320185,0,0,465.0945,153.0558,224.2368,3446.3258
"217",1330,7561.8487,1.80583089423622,0,0,2524.5,755.6994,229.1184,4239.9345
"218",1331,5097.7037,2.03666407680776,0,0,0,222.5498,128.5858,1311.0222
"219",1332,5091.867,2.04207808255793,0,0,0,65.25,34.9,1488.1982
"220",1333,5680.2093,1.9762106301259,0,0,1359.4784,66.25,2.275,2218.3923
"221",1334,5090.4873,1.99159518578899,0,0,0,49.5,2.275,2018.9225
"222",1335,4772.1681,2.01924362220183,0,0,795.1673,115.875,2.275,1448.854
"223",1336,5995.4221,1.9357252594442,0,0,1167.9231,406.125,371.25,2436.1711
"224",1337,6207.0299,1.93701821864915,0,0,0,1040.625,60.75,2661.4664
"225",1338,5563.681,2.00252314969172,0,0,0,559.05,48.2562,2079.0374
"226",1339,6112.4247,2.01346120468363,0,0,0,355.875,0,2140.86
"227",1340,6611.1451,1.92675698495863,0,0,1519.1244,300.1801,255.6053,3819.8826
"228",1341,7842.8034,1.82575659106793,1322.3798,0,1009.8248,476.375,947.5954,4778.8463
"229",1342,6638.4014,1.8783242001606,0,0,0,357.75,0,3324.5706
"230",1343,5739.1357,2.00175437566322,0,0,0,244.125,0,2267.2826
"231",1344,5545.647,2.01049399646245,0,0,783.0381,357.75,19.125,1903.2202
"232",1345,5933.7224,2.02347349447962,0,0,0,279.125,0,2020.3633
"233",1346,6660.5139,1.94946068650949,0,0,2185.6978,207.1112,630.25,3210.2851
"234",1347,6035.0883,1.9757523680308,0,0,954.486,160.7421,759.0305,2829.5528
"235",1348,5621.7325,2.02730030288705,0,0,0,300.9242,198.7618,1596.645
"236",1349,6633.8038,1.87963502930249,0,0,1521.5625,804.6496,240.0679,2858.9268
"237",1350,5345.4796,2.08523852565072,48.375,0,0,251.3179,445.5,968.0429
"238",1351,5587.4597,2.09222448620077,0,0,920.5,160.3435,717.8996,1105.3246
"239",1352,5051.679,2.12350982712876,0,0,0,177.0059,144.8494,791.7691
"240",1353,5114.8096,2.07284157752422,0,0,91,239.9872,159.75,854.9379
"241",1354,22570.5034,1.11548553232534,0,0,17138.4691,5197.8336,178.1043,19865.6955
"242",1355,25745.8346,1.06992103491568,0,0,12855.3833,7251.7586,7583.7868,23305.1431
"243",1356,13706.1172,1.20878872975054,66.7185,0,6100.4406,3745.3995,3108.4603,11145.3484
"244",1357,9519.7145,1.42660475794731,0,0,0,1962.9389,581.3781,5962.187
"245",1358,7146.691,1.75207379191293,1023.75,0,2179.9045,418.562,1026.6555,4146.5685
"246",1359,6654.9294,1.85387090657941,0,0,555.1122,271.875,846.3543,3327.306
"247",1360,5541.4116,2.04388174305623,241.875,0,0,101.1312,136.125,1622.4887
"248",1361,5156.6267,2.12317482667497,0,0,560.7854,179.5623,88.875,675.9974
"249",1362,6154.2411,1.96706950593795,0,0,991.9,702.525,343.525,1163.5944
"250",1363,4778.5638,2.06494051622791,7.875,0,0,329.2,0,896.5613
"251",1364,5126.9263,2.03868739053261,0,0,0,313.4,0,1385.732
"252",1365,5082.7697,2.05627848926541,0,0,469,119.25,0,1457.3324
"253",1366,5416.0377,2.02740649312689,0,0,0,149.625,40.5,2521.5099
"254",1367,6515.5439,1.92451316305305,0,0,1336.7923,332.15,227.9,3481.7867
"255",1368,5892.2161,1.95996715055987,0,0,0,642.1061,112.3,2319.4705
"256",1369,4515.8057,2.04531164837318,0,0,0,525.525,106.6,798.7932
"257",1370,6389.9077,2.00670973698102,0,0,880.25,320.775,197.325,2212.7588
"258",1371,7529.0873,1.87844415086009,0,793.125,959.5748,366.275,206.6,3174.4966
"259",1372,7628.5789,1.92195822999222,0,0,553.5177,607.425,97.825,4133.9398
"260",1373,7722.2496,1.77992174715513,0,0,3006.3366,1037.025,77.35,4699.6232
"261",1374,4611.6008,2.02787717445101,65.5246,0,0,451.7494,54.6,1964.6822
"262",1375,5324.8018,2.09698321541283,0,0,0,418.6,61.425,796.6251
"263",1376,6481.2396,1.92546037026621,67.5,0,0,335.45,361.125,3317.5653
"264",1377,7723.0088,1.80502578217961,0,0,3596.5629,366.7671,619.875,4564.8291
"265",1378,6612.4975,1.91672208571723,0,0,0,182.55,19.125,3561.4416
"266",1379,5509.3629,2.11057616117464,0,0,0,91,7.875,818.048
"267",1380,5122.0119,2.11564131664747,0,0,0,0,0,1580.1279
"268",1381,6494.9043,1.96341153171418,0,0,2460.6053,42.75,232.875,3176.3411
"269",1382,7379.1601,1.75735853732188,0,0,1391.0669,37.125,1789.875,4232.0568
"270",1383,6771.6764,1.82597620878635,0,0,326.25,631.125,0,2619.6726
"271",1384,5557.0766,2.11864813956317,0,0,58.5,93.375,0,1370.8189
"272",1385,5300.6798,2.14030283436475,0,0,446.625,0,0,1167.7541
"273",1386,4800.8105,2.15516734101461,0,0,0,13.65,0,824.4029
"274",1387,4661.4932,2.18613211749403,0,0,0,36.4,0,285.6041
"275",1388,4771.9033,2.17189229295573,47.8435,0,0,58.3311,0,326.4565
"276",1389,5214.2171,2.07302837467201,0,0,0,45.5,0,1564.1818
"277",1390,6280.1241,1.95835461276952,0,0,2892.3129,491.825,889.2549,3592.5229
"278",1391,5951.499,2.05375990149709,359.7293,0,0,130.7,276.9803,2691.9744
"279",1392,5569.3143,2.10921477353146,0,421.875,0,50.05,0,1353.006
"280",1393,6226.4076,2.04907079966946,0,0,1159,110.525,356.375,2704.8872
"281",1394,8714.2769,1.72294961157362,2998.8546,0,1760.8809,1699.3809,643.25,5612.8928
"282",1395,7080.3151,1.8194359739724,2023.582,0,28.125,1133.2,63.7,3792.562
"283",1396,4945.3182,2.1804461439913,0,0,0,55.175,0,989.7995
"284",1397,5371.1807,2.09705288820389,0,0,0,100.9,15.925,2237.8829
"285",1398,6367.0633,1.98057556613266,0,0,2284.1485,244.125,66.375,3690.9573
"286",1399,5067.1438,2.08459250751873,0,0,0,33.75,103.5,2176.7887
"287",1400,4798.7842,2.08510522311047,0,0,324.25,124.25,0,1823.7169
"288",1401,6106.5493,1.9710722715364,127.125,0,1963.5324,88.875,601.4498,3104.1494
"289",1402,4756.5644,2.0509277662676,0,0,0,282.375,0,2108.8788
"290",1403,5377.1889,1.97637468157386,0,0,148.5,163.125,130.5,2288.9195
"291",1404,4757.0112,2.07118705123082,0,0,85.75,91.125,33.75,1619.8832
"292",1405,4471.7478,2.19757697426496,158.625,0,0,104.2608,33.75,215.625
"293",1406,17140.1595,1.16921607409779,13546.3457,0,0,258.2362,7.875,14075.4858
"294",1407,24323.2745,1.05340586441188,20844.9556,0,144,5688.1237,10604.5244,21669.0692
"295",1408,17295.2854,1.10382798308723,686.25,0,2.25,3782.3917,6476.4211,15108.1842
"296",1409,11433.07,1.29378285972184,0,950.625,0,2478.4104,2769.998,9071.2126
"297",1410,7213.0183,1.77642693627992,1794.8179,0,0,1022.625,594.9744,4616.7449
"298",1411,4673.2295,2.0882774963224,0,0,92.75,356,183.5433,1585.3891
"299",1412,4805.5784,2.02064750415892,0,687.375,418.5,258.7057,27,1414.0807
"300",1413,5055.7533,2.08161660103154,0,0,657,223.875,200.25,1769.1166
"301",1414,7579.1912,1.7174220383832,0,0,2238.75,2160.8,276.8,4889.2073
"302",1415,7514.5154,1.790245848721,0,0,0,2251.8228,144.225,4882.1595
"303",1416,5156.0967,2.0741135440691,192.2746,0,0,574.2948,136.4,1666.5784
"304",1417,4850.5265,2.09742385697718,0,0,0,253.497,85.4114,1368.8004
"305",1418,4238.7829,2.09486784520151,0,0,99.75,62.9114,132.375,1439.0313
"306",1419,5715.6062,1.98814431966989,0,0,2428.9989,86.749,135,2676.543
"307",1420,4972.5406,2.05811290912336,0,0,0,5.625,0,1799.2823
"308",1421,3334.1636,2.20623847012186,0,0,0,1.125,0,268.875
"309",1422,5461.3605,2.10610341507395,0,0,811.125,0,425.25,1542.625
"310",1423,6565.0694,1.90747260036581,0,704.25,0,0,113.625,3122.25
"311",1424,5534.6406,2.05269697186842,0,0,122.8871,106.875,14.625,2525.5208
"312",1425,4903.7097,1.98870051381712,0,0,0,0,0,2189.8522
"313",1426,4236.3462,2.03605880935793,0,176.625,0,0,0,2018.737
"314",1427,6153.6429,1.98108993292412,0,0,0,106.875,1793.25,2758.5
"315",1428,13133.5492,1.37281931376174,0,0,8468.929,253.125,166.5,10549.6118
"316",1429,8355.972,1.61343527718858,0,0,1675.125,1345.5,1447.3435,6088.0036
"317",1430,5844.608,1.93488767766803,183.7116,0,0,909.4429,137.25,3239.2705
"318",1431,4892.4521,2.13920540990069,0,0,0,101.25,18,1199.8986
"319",1432,5221.7472,2.09137853322352,0,0,1080,79.875,0,1886.4281
"320",1433,6168.6512,2.06911358515456,0,0,324,90,0,2587.7244
"321",1434,7300.2005,1.94309183699818,180.25,0,2833.5787,503.125,0,4369.5265
"322",1435,7307.6486,1.90666803546082,0,0,1840.9163,151.875,38.25,5096.418
"323",1436,9218.9989,1.59988846511306,0,0,5166.9034,2821.5,76.5,6954.9415
"324",1437,6700.5713,1.84461883123309,0,277.875,0,219.375,104.625,3952.6788
"325",1438,7875.0483,1.9637898601841,2890.5323,0,0,46.125,1467,4134.7823
"326",1439,6474.8629,1.85847023880614,191.0551,0,0,129.375,30.375,3527.9507
"327",1440,8463.4066,1.66824904761163,0,0,4459.2516,408.0737,357.6525,5612.6459
"328",1441,6532.0086,1.84136162956062,0,0,0,266.0314,0,3061.4425
"329",1442,4901.9101,2.19111525525529,0,317.25,0,0,0,490.5561
"330",1443,4614.9544,2.31094157723422,0,0,0,0,0,45.9124
"331",1444,5565.804,2.16812341936583,0,0,907.4408,97.875,338.625,1199.8906
"332",1445,5626.3677,2.1151337122883,0,0,151.875,310.5,40.5,1561.2026
"333",1446,12155.9964,1.56203484890798,7194.862,0,611.2992,157.5,0,9380.2337
"334",1447,7554.2248,1.91873691659269,0,0,2892.3126,355.5,1300.7745,4820.8391
"335",1448,6470.722,2.01887208258986,0,0,0,124.875,555.5019,3224.5007
"336",1449,5391.0636,2.1314866328047,0,0,0,0,92.25,1737.3355
"337",1450,5296.0321,2.08395829020749,0,0,177.75,42.75,0,1585.3227
"338",1451,6757.5822,1.98924994208728,0,0,2681.988,493.875,98,2438.6808
"339",1452,5655.5735,2.17906459884219,321.75,0,0,39.625,268.1496,699.125
"340",1453,5214.9249,2.16670042554208,0,0,0,110,26.0433,799.2391
"341",1454,6059.3205,2.05662664650269,0,0,0,56.25,40.5177,2314.2676
"342",1455,7233.8047,1.89576033204214,237.375,0,3477.1957,105.75,495.2303,4308.6425
"343",1456,6201.6207,2.00997942360454,0,303.75,0,44.0748,254.25,3350.2774
"344",1457,5344.8087,2.24046372323859,0,0,0,124.5561,83.25,358.6673
"345",1458,16381.8543,1.38718850649282,11590.4846,0,257.25,717.1555,94.5,13400.8298
"346",1459,20482.0042,1.35844127988217,1952.8848,0,14419.6995,4451.1436,4932.1766,18382.706
"347",1460,13759.4904,1.44979351851577,0,0,3249,4423.0925,3211.6623,11196.272
"348",1461,10709.1027,1.5805507215838,183.2864,0,0,1287.7401,1500.75,7622.2052
"349",1462,6322.5044,1.97866054470441,0,0,0,302.1624,223.875,3090.2004
"350",1463,7240.6776,1.89891481979532,96.75,237.375,2493.1771,538.6299,670.5,4444.0921
"351",1464,5814.4759,2.07083840522927,0,0,0,327.3484,389.1437,2168.7675
"352",1465,19522.179,1.22004720886946,0,0,11507.3054,13320.4935,78.75,15017.0573
"353",1466,14440.0769,1.36728080720955,0,0,0,792.5619,1169.7695,9767.3696
"354",1467,6253.5294,1.94334578486191,0,0,0,209.2854,170.7608,3155.9476
"355",1468,8433.0212,1.79561270402119,1053.325,0,492.2805,903.3702,550.8927,4863.6578
"356",1469,5607.633,2.05662710095329,0,0,0,209.625,97.937,2104.2455
"357",1470,6237.4598,2.11065408389486,0,0,98,119.375,369.2933,2624.9549
"358",1471,18715.7236,1.30034779953686,0,0,14343.2487,9757.4172,360.75,15721.9543
"359",1472,25561.9996,1.17024999875205,8258.9436,0,8872.2942,2763.2873,155.75,22919.2898
"360",1473,5630.1047,2.00114750974347,0,0,501.6053,564.1299,303,2661.0756
"361",1474,6351.5665,2.19043601291115,0,0,0,56.25,7,2397.7027
"362",1475,8126.6942,1.97482144707746,254.2677,404.7431,2100.8414,389.25,183.5,4429.1583
"363",1476,7172.5741,2.06038303598704,0,0,920,167.375,0,3519.3305
"364",1477,6043.7791,2.06837639052691,588.2244,0,0,113.625,240.75,1962.6957
"365",1478,4160.9662,2.33270339951331,0,0,0,31.5,0,218.4862
"366",1479,4996.5272,2.34386595553808,0,0,0,68.625,0,369.7116
"367",1480,13009.5631,1.52542324807203,7026.5905,0,0,32.625,0,7754.4947
"368",1481,7978.4196,1.74487062575651,299.25,0,2655.2124,681.4397,648.5579,3742.7496
"369",1482,5962.4054,2.08082630543706,0,0,1120.8364,251.0255,233.0167,2520.7682
"370",1483,5704.1202,2.16761035295154,0,0,0,86.2795,0,1644.8471
"371",1484,5419.6045,2.20797477011468,0,0,0,33.75,0,1676.7498
"372",1485,4710.951,2.29470652528545,0,0,776,27,0,1308.4172
"373",1486,4753.509,2.25349736373698,0,0,193.9694,0,0,1522.0668
"374",1487,4565.9402,2.43900040565577,0,0,0,0,0,1249.1112
"375",1488,4701.3878,2.48038036768632,0,0,0,0,0,1006.4178
"376",1489,4427.6964,2.47202134274608,0,0,0,0,0,1593.027
"377",1490,4836.2242,2.41124677387785,0,0,1410.5,0,0,1967.1926
"378",1491,4505.9582,2.45301654152051,0,0,0,0,0,1616.3045
"379",1492,5664.8568,2.34855362981108,0,0,0,0,79.4586,2329.9446
"380",1493,7791.7859,2.02382870915383,3663.6829,0,831.7096,445.5351,555.1384,4841.645
"381",1494,5105.3615,2.35791726011958,0,0,0,172.9738,339.1917,2318.7604
"382",1495,4607.5572,2.61234738442314,0,407.7458,0,35.6545,18.3366,1115.7571
"383",1496,4355.7032,2.6932459493567,0,0,0,15.2805,0,502.9476
"384",1497,4814.1449,2.62317613248409,0,0,972,14.2618,0,862.3962
"385",1498,5071.2132,2.46603120531395,0,0,82.0275,129.8326,0,2261.3942
"386",1499,7690.6646,2.05616950191795,0,0,3671.4142,116.0285,24.75,4822.0948
"387",1500,5800.6368,2.32223468981888,255.6937,0,547.75,2.0374,92.5157,3075.0116
"388",1501,5616.2887,2.46606090602144,0,0,791.127,0,605.1078,2389.379
"389",1502,5107.0222,2.52685606105256,0,0,0,0,472.6768,2028.0548
"390",1503,5483.4937,2.44204529677859,0,0,901.5495,25,0,2146.1662
"391",1504,5425.7523,2.43773937118361,0,0,530.7427,30,0,1579.7902
"392",1505,4257.5538,2.65138869178823,0,0,0,75,0,75.0561
"393",1506,3905.8381,2.67516464648138,0,0,168.2553,178.275,0,201.4352
"394",1507,3821.477,2.74954683751858,0,0,164.0107,28.5236,0,181.5663
"395",1508,4034.0841,2.76488534287126,0,0,0,25,0,76.1171
"396",1509,5249.1142,2.42637700661952,0,0,1736.7458,0,0,1638.2143
"397",1510,5178.7146,2.43937752429918,0,0,0,0,0,1752.8505
"398",1511,4877.3168,2.56614866600423,0,0,145.3567,87.0398,0,1450.5045
"399",1512,9375.1427,1.98496605283672,2548.7874,1396.6084,720.5088,1222.44,698.8282,6243.7914
"400",1513,8426.6301,2.00277570033601,0,1319.8294,0,1166.0574,85.5708,5423.316
"401",1514,6689.9402,2.56152812845771,0,0,2612.9141,49.6875,1395.619,3166.2437
"402",1515,4809.3827,2.64733351330099,0,0,0,148.5752,32.5984,1283.9689
"403",1516,4600.5422,2.69495191240719,0,0,208.8335,79.4586,44.8228,338.4533
"404",1517,5653.3523,2.47562848683603,498.1443,0,0,60.2288,23.4301,2041.0679
"405",1518,17482.2722,1.66576459094373,547.0419,0,13571.537,5385.9777,0,14492.9848
"406",1519,11205.0194,1.80682953569897,0,0,0,1637.4496,2728.0786,8538.2239
"407",1520,4949.921,2.52064830933665,268.9442,0,383.0312,211.6091,312.7409,1878.0495
"408",1521,4977.7643,2.62234192165346,0,0,0,51.9537,485.9199,1927.6624
"409",1522,6837.1734,2.47081491307504,1977.5553,0,968,292.5717,120.2066,4270.9714
"410",1523,6439.6418,2.51340066772037,0,0,0,285.5067,374.8816,3958.8075
"411",1524,5168.2899,2.58911559895276,0,0,154.4807,139.7686,79.4586,2337.2204
"412",1525,5838.1234,2.52626725909905,418.0514,808.2794,17.3179,133.4497,22.4114,1854.4077
"413",1526,3991.8144,2.62120653705743,138.6535,0,213.927,11.2057,17.3179,1090.5066
"414",1527,4942.4935,2.67228070203835,0,0,62.8126,181.3204,30.561,818.5393
"415",1528,5380.8466,2.64628618106303,0,0,239.3945,22.4114,16.2992,658.8974
"416",1529,5807.9887,2.59603466515009,502.2191,0,0,77.4212,0,599.9686
"417",1530,3490.2526,2.71146277492924,0,0,0,21.3927,0,39.9488
"418",1531,4909.9412,2.59063998566826,0,0,0,32.5984,122.244,1746.358
"419",1532,9107.039,2.06291638808179,4255.531,0,1683.5,246.5254,2575.3248,6300.2319
"420",1533,7831.8892,2.02502992509138,0,0,1813.0204,218.9152,0,6136.7081
"421",1534,7715.2946,1.95334861224871,816.776,0,3373.9671,301.7173,234.301,6120.6798
"422",1535,5350.6588,2.29526689311604,0,0,708,155.7558,0,3408.2445
"423",1536,4618.6296,2.53184407773249,0,0,672,14.2618,0,1967.4949
"424",1537,5664.169,2.19561068887598,0,0,1846.8443,448.228,0,3021.4717
"425",1538,6075.6855,2.27803924347302,453.853,0,0,31.5797,0,3134.4319
"426",1539,5142.8689,2.57187773151285,112.3445,0,0,173.6742,0,2017.2471
"427",1540,10996.6422,1.82178610849046,0,0,0,4249.6032,18.9493,7627.3753
"428",1541,8634.6243,1.96246291804497,0,0,0,1160.2993,2783.2657,4976.0312
"429",1542,5472.8051,2.49743591270955,0,0,268.4201,399.3304,743.0457,2398.7789
"430",1543,6053.7718,2.4400044283136,1231.3723,0,207.8148,374.8816,803.6067,3144.9144
"431",1544,5914.8341,2.47402205245283,0,0,0,325.984,505.6148,2787.2405
"432",1545,5466.0759,2.54217106645007,0,0,0,67.2342,779.025,1701.0443
"433",1546,5222.3161,2.48529383351575,534.8175,0,417.667,19.3553,608.4961,2504.294
"434",1547,5447.2457,2.4178494463725,0,0,0,182.3473,452.3028,3116.6472
"435",1548,5715.2613,2.39428073043659,0,0,700,253.2912,506.5065,2867.4583
"436",1549,5310.7423,2.41485262804034,0,0,0,200.6839,339.6169,2358.3931
"437",1550,5489.1054,2.39956405282362,339.7586,0,0,186.4221,72.561,1940.331
"438",1551,5111.4823,2.44425183669324,0,0,0,376.7852,0,1540.6095
"439",1552,7142.9439,2.15657300626427,2450.4181,0,0,337.5539,311.7222,4897.4463
"440",1553,7867.772,2.15150489871847,0,2379.2406,0,592.8834,363.6759,4338.0892
"441",1554,6981.8428,2.21948709587102,2353.7391,0,811.9039,430.9101,651.6949,3471.3123
"442",1555,4881.162,2.43694022038195,158.9172,0,236.3384,258.7498,78.4399,487.4155
"443",1556,5766.5525,2.15164433168691,0,0,1692.1348,375.9003,18.3366,1767.4714
"444",1557,5762.4746,2.2535734908055,0,0,0,527.6866,26.4862,1216.9225
"445",1558,4562.9554,2.43836483696509,0,0,0,44.9483,577.6029,1312.265
"446",1559,5983.4329,2.19233844838471,2209.2209,0,0,71.6412,1170.4863,2889.0161
"447",1560,4866.9918,2.37318254779061,60.1033,0,0,221.8773,121.2253,1800.9897
"448",1561,12868.0461,1.73293597386164,2336.1009,0,7146.919,5496.2707,91.3415,10015.0804
"449",1562,16984.5245,1.71630003536455,1966.298,2298.623,2733.549,5616.6617,2736.8705,14827.6392
"450",1563,6924.6604,2.02257572082524,0,0,0,577.6029,725.4842,4814.4085
"451",1564,5810.8912,2.28934074690643,0,0,1111.136,526.6679,152.805,2676.7779
"452",1565,4792.8438,2.50098907875946,0,0,0,403.6119,147.7115,1547.4473
"453",1566,5099.3679,2.43055614794924,96.7765,0,725.3587,513.4248,585.7525,2038.7475
"454",1567,4725.8638,2.46094269580939,0,0,817.0417,275.049,580.659,1869.8561
"455",1568,4564.4974,2.52238504944706,0,0,0,177.2538,103.9074,1323.4878
"456",1569,5021.2826,2.44255919792286,625.4818,0,0,250.6002,170.1229,1119.7544
"457",1570,10749.515,1.7839372287959,0,0,6339.3701,5329.8384,637.7062,6729.872
"458",1571,9678.2899,1.82037531237827,0,0,0,443.1345,1806.1551,6424.3142
"459",1572,6211.447,2.19668138519092,575.5655,0,936.25,318.3955,435.1897,3307.56
"460",1573,4711.5969,2.45401086837458,0,0,0,123.1801,337.238,1684.9253
"461",1574,5425.158,2.34060648556226,0,0,166.7494,253.2179,236.3384,2751.7124
"462",1575,8365.3463,2.11897145250281,0,0,3900.0504,196.7883,99.8326,5739.2176
"463",1576,5235.3865,2.32107982858572,0,0,0,159.4891,0,2772.9755
"464",1577,5558.5015,2.31048242048689,0,0,848.3409,63.498,82.2785,2555.6302
"465",1578,4125.2481,2.43404511840149,0,0,31.4063,64.75,31.4063,1659.2904
"466",1579,15722.5731,1.60774510884608,226.5722,0,11040.376,6741.9787,1793.2886,13755.3158
"467",1580,11225.5828,1.8139940137451,0,538.8923,1565.7209,460.6601,2500.9085,8367.6816
"468",1581,7023.131,2.18711996116832,0,0,0,113.75,524.6305,3009.42
"469",1582,3486.3118,2.48264082403645,0,0,0,66.5,35.6545,792.7593
"470",1583,4419.0395,2.50945030022927,0,0,0,54.25,383.0312,975.8409
"471",1584,7078.9999,2.25350193888264,0,3294.5943,0,33.25,2079.1667,3591.0508
"472",1585,6764.2355,2.22748453982715,0,0,0,56,1691.2118,3804.1046
"473",1586,6082.0145,2.27458352820435,72.9378,0,358.5824,226.7586,274.0303,2817.5034
"474",1587,16848.7066,1.71277598246028,0,12425.1148,0,2617.3599,4178.2278,13800.8756
"475",1588,6338.4185,2.34891242981195,0,0,207.8148,240.4359,33.6171,2566.7006
"476",1589,5412.5675,2.43568140258759,0,508.3536,0,293.8754,2.0374,1701.6811
"477",1590,5547.2249,2.38907746466165,466.5646,0,0,444.1381,61.8159,2011.5309
"478",1591,5512.3433,2.38665832006508,0,0,0,323.0269,12.2244,2082.2709
"479",1592,13717.0623,1.82570578541442,0,4674.2243,5214.5779,4387.9156,818.0161,10359.3708
"480",1593,8087.4367,1.95059084666468,251.6189,0,0,2217.1027,366.732,4359.1943
"481",1594,4960.0358,2.37924895622729,0,0,137.6943,564.8427,179.2912,1383.2487
"482",1595,4349.6622,2.51166171018982,0,0,0,347.0033,0,1161.2967
"483",1596,4897.2692,2.47931643210465,0,0,886.0182,309.6199,0,1439.7567
"484",1597,4760.817,2.43069204298338,0,0,0,230.4477,0,1576.6897
"485",1598,6552.9137,2.15781721648494,512.4061,0,2120.1215,759.6884,297.4604,3527.4324
"486",1599,5749.0545,2.34894450904927,0,0,0,618.8204,331.0775,2460.1762
"487",1600,5782.8374,2.35696407441786,99.7957,0,179.0919,541.3879,238.3758,3232.1935
"488",1601,8006.9927,2.18153190023515,0,0,3759.8005,742.125,1492.5284,5328.5129
"489",1602,5617.9184,2.11031189061059,482.8638,344.3206,0,872.3021,60.1033,3155.6187
"490",1603,5045.5276,2.2621539123084,0,0,0,214.7578,46.8602,2254.0018
"491",1604,4595.3515,2.38576309124558,0,0,1235.735,590.9515,35.6545,1513.5716
"492",1605,5910.7385,2.24409014203555,0,1612.2405,64.1781,455.0677,658.3681,3019.4929
"493",1606,4327.6871,2.45288066228263,0,0,0,189.2342,331.0775,1202.9787
"494",1607,4178.1584,2.44452914949323,0,0,875.115,107.7544,68.2529,1202.1524
"495",1608,5905.7121,2.05781619459574,1830.9067,0,0,1249.7148,35.6545,2897.3457
"496",1609,5289.3816,2.25884061758751,0,0,0,165.2627,51.9537,1901.404
"497",1610,5955.5594,2.36990164181722,0,2348.325,118.1692,47.1432,1773.5567,2771.9051
"498",1611,5950.2613,2.32452312640455,202.4408,0,0,338.5052,0,2888.9771
"499",1612,3696.0876,2.61927774655557,0,0,0,67.3366,0,525.7897
"500",1613,3651.8508,2.61780410086852,0,0,0,84.7086,0,729.3623
"501",1614,7981.3003,1.95770606451182,0,0,582.6226,1746.48,0,4697.6091
"502",1615,8100.5979,2.01964598193425,0,0,2575.4289,767.9523,846.5742,6007.314
"503",1616,13964.8593,1.73588143490998,0,10267.552,0,2304.9251,4250.0531,11889.6855
"504",1617,5111.1197,2.38382599413588,0,183.366,0,942.2841,261.808,2660.2349
"505",1618,4951.2889,2.49437474755311,0,0,0,399.1791,535.8419,2470.746
"506",1619,4896.039,2.46687781694549,0,0,753.838,458.2594,446.1921,2461.9137
"507",1620,4465.01,2.50003471436794,0,0,0,422.4172,297.4661,2430.3374
"508",1621,4646.9316,2.51450440974857,0,0,276.0677,703.2765,203.7418,2313.4855
"509",1622,6279.5956,2.13871097049625,0,0,2332.8379,1866.3822,314.7786,4244.3987
"510",1623,7743.8508,1.96431341368302,246.8133,0,2833.1007,1265.3584,902.5682,6108.1874
"511",1624,6051.9985,2.10030455228963,0,0,1821.6423,614.9493,395.2556,4233.6465
"512",1625,4487.2793,2.40399789689935,0,0,0,440.8083,157.8985,2409.6497
"513",1626,4473.2662,2.42272413834884,438.041,0,0,442.1014,130.3936,1796.2211
"514",1627,4159.0366,2.55110282030218,0,139.5619,0,396.4457,50.935,1307.1533
"515",1628,4177.9723,2.59104877263068,2.0374,0,22.75,157.246,74.3651,823.0526
"516",1629,5321.0084,2.3293686211809,496.1069,0,763.0137,161.5757,125.3001,2163.983
"517",1630,3601.7922,2.47022579481404,0,0,0,234.2026,1.0187,1070.4672
"518",1631,4868.6227,2.55518054418142,0,0,0,149.6614,12.2244,1088.5001
"519",1632,5285.3363,2.47693604662394,0,0,372.8442,128.6968,16.2992,1558.7815
"520",1633,4575.333,2.51153304032734,1010.5504,0,0,133.0826,206.7961,1504.4155
"521",1634,3085.847,2.56340965705688,0,0,0,55.4793,161.9733,899.2929
"522",1635,3275.5776,2.67969227778331,0,0,0,61.1732,147.7115,73.654
"523",1636,6034.9605,2.18269365640421,0,2664.6832,0,49.0797,1384.4133,2833.2265
"524",1637,4326.8116,2.45611803388897,0,404.6357,0,246.896,155.8611,1189.0362
"525",1638,4170.9139,2.3285184573098,0,0,350.4328,74.7037,50.935,2154.8314
"526",1639,12612.101,1.75101674177839,0,8726.2458,0,2300.7744,2566.7698,10119.3757
"527",1640,8589.1604,1.91074904131491,0,3884.9432,453.4175,212.7661,1312.0856,5980.7196
"528",1641,4329.4485,2.39402778437023,0,1238.095,417.667,98.8026,115.1131,1907.7868
"529",1642,3343.7418,2.6347728164896,0,890.2498,0,128.0826,24.4488,813.0214
"530",1643,3988.4518,2.54611576351506,0,1280.9961,0,69.5354,328.0214,1467.1568
"531",1644,7049.7353,2.01235782569028,0,3399.7345,438.7371,909.3127,1726.6965,4696.3641
"532",1645,8107.3534,1.77461241544004,2981.3068,21.3927,0,2325.7177,534.8175,5928.0697
"533",1646,6906.5614,1.90849530419001,0,1468.5152,73.3464,508.1891,1556.5736,4586.3114
"534",1647,4966.8479,2.26030476995279,0,40.748,103.9074,241.5766,350.4328,2283.0635
"535",1648,4040.5569,2.4311326985644,0,0,341.2645,873.1249,0,1236.5057
"536",1649,4578.0612,2.3998215663871,0,0,0,304.486,0,1832.0676
"537",1650,4273.331,2.52919794886003,0,0,0,68.435,0,1268.0423
"538",1651,3985.6457,2.52071326861793,191.929,0,395.2556,115.1131,0,1139.0345
"539",1652,3457.994,2.54568110875843,0,0,569.3944,16.2992,6.1122,1240.9501
"540",1653,3616.0283,2.52336520706987,0,0,0,58.5482,4.0748,1097.6455
"541",1654,3205.5968,2.57905485805327,0,146.6928,0,15.2805,5.0935,509.0414
"542",1655,3341.107,2.57732541938944,0,328.5234,0,297.4678,6.1122,705.8143
"543",1656,7813.502,1.97080003307096,0,678.4542,3690.33,554.8077,1792.2404,6270.9517
"544",1657,6170.8162,1.9591281944194,0,0,0,203.7696,969.8024,4463.094
"545",1658,4753.1438,2.17583991462661,0,0,0,91.0777,844.5023,2397.4178
"546",1659,3993.149,2.31815041211836,181.3286,0,495.3097,157.463,339.1976,1736.9837
"547",1660,3369.9567,2.42859796981961,0,0,0,224.5717,339.4781,1206.6883
"548",1661,4243.3743,2.30944510362897,0,0,332.0962,577.2855,285.7675,1809.5809
"549",1662,3517.7766,2.416537764223,94.5,0,0,31.4616,227.9452,1543.6622
"550",1663,3460.0685,2.5275944681442,0,209.8522,0,111.2081,16.9119,1069.7777
"551",1664,2980.4332,2.59116023804862,0,0,0,126.5698,39.7293,846.0008
"552",1665,3057.425,2.64717204837404,0,0,0,162.9625,47.0669,1171.7745
"553",1666,6178.1255,2.09563240500699,0,0,913.4492,1584.0123,914.7262,4378.3176
"554",1667,5237.0243,2.22357379552354,0,0,0,122.7903,828.3434,3267.7808
"555",1668,9321.3588,1.95852883594611,0,1478.8942,718.346,839.874,3220.1701,7135.1772
"556",1669,5097.2602,2.1694792037495,0,0,0,366.2596,900.3759,3163.8909
"557",1670,5402.8753,2.22984972464569,0,31.875,728.9906,749.2097,686.9583,3399.8279
"558",1671,6474.8568,2.16717379757341,0,0,0,716.4414,1225.1788,4519.89
"559",1672,8186.2021,1.97946493405043,0,0,594.4854,1166.6256,911.1165,6220.0031
"560",1673,6024.2384,2.07230178672876,0,0,90,425.0858,282.1799,3744.3497
"561",1674,6079.1848,2.17568316067641,0,1882.1017,0,325.6396,1025.927,4213.9739
"562",1675,4108.7519,2.43798366116971,0,0,195.5904,288.5993,355.5263,2143.1022
"563",1676,4468.1589,2.5362526834039,0,0,0,69.374,293.3856,2118.228
"564",1677,4334.9008,2.54847123606612,0,0,0,0,250.6002,2123.7942
"565",1678,6623.323,2.18506027865469,106.9635,0,0,1461.8345,112.057,4424.2784
"566",1679,6553.9686,2.29781845460779,0,0,0,30.1122,1344.684,3930.8366
"567",1680,4235.1277,2.60545390402278,0,0,0,211.7715,73.3464,2235.5512
"568",1681,4741.0915,2.6241467813899,0,0,0,253.679,109.6496,1479.669
"569",1682,3609.4558,2.81180337490211,0,0,0,153.9517,73.5,1099.2699
"570",1683,4309.6866,2.91062463799572,0,0,0,33.6171,0,1888.2473
"571",1684,3758.2999,3.10280454202178,0,0,0,29.5423,0,1613.6798
"572",1685,3634.1618,3.14401521693393,0,0,0,24.4488,0,1149.9196
"573",1686,3337.5123,3.15637188812757,0,0,0,28.5236,0,931.4286
